{
    "answers": {
        "phase": "design",
        "action": "api design",
        "scope": "uml other",
        "action experience": 3,
        "prog lang": "js-node",
        "other prog lang": "<fill in>",
        "aimodel": "chatgpt",
        "aimodel version": "3.5",
        "lmstudio-hosted aimodel": "<fill-in>",
        "tool option": "online free",
        "experience with tool": 3,
        "time allocated (h)": "2",
        "time saved estimate (h)": "4",
        "quality of ai help": 3,
        "knowledge acquired": 3,
        "generic feeling - now": 4,
        "generic feeling - future": 2,
        "threat level": 3,
        "notes": "<fill in>"
    }
}