{
    "answers": {
        "phase": "coding",
        "action": "container structuring",
        "scope": "container configuration",
        "action experience": 0,
        "prog lang": "python",
        "other prog lang": "<fill in>",
        "aimodel": "chatgpt",
        "aimodel version": "<fill in>",
        "lmstudio-hosted aimodel": "<fill-in>",
        "tool option": "online free",
        "experience with tool": 4,
        "time allocated (h)": 1,
        "time saved estimate (h)": 3, 
        "quality of ai help": 3,
        "knowledge acquired": 4,
        "generic feeling - now": 3,
        "generic feeling - future": 4,
        "threat level": 0,
        "notes": "<fill in>"
    }
}