{
    "answers": {
        "phase": "coding",
        "action": "source code authoring",
        "scope": "frontend",
        "action experience": 4,
        "prog lang": "js-node",
        "other prog lang": "<fill in>",
        "aimodel": "chatgpt" ,
        "aimodel version": "<4o",
        "lmstudio-hosted aimodel": "<fill-in>",
        "tool option": "online full",
        "experience with tool": 4,
        "time allocated (h)": "2",
        "time saved estimate (h)": "5", 
        "quality of ai help": 4,
        "knowledge acquired": 2,
        "generic feeling - now": 4,
        "generic feeling - future": 3,
        "threat level": 1,
        "notes": "fill in"
    }
}