{
    "answers": {
        "phase": "architecture",
        "action": "microservices definition",
        "scope": "uml sequence",
        "action experience": 4,
        "prog lang": "python",
        "other prog lang": "n/a",
        "aimodel": "chatgpt",
        "aimodel version": "3.5",
        "lmstudio-hosted aimodel": "n/a",
        "tool option": "online free",
        "experience with tool": 4,
        "time allocated (h)": "2",
        "time saved estimate (h)": "1",
        "quality of ai help": 5,
        "knowledge acquired": 5,
        "generic feeling - now": 5,
        "generic feeling - future": 4,
        "threat level": 2,
        "notes": "Very helpful for understanding microservices design principles."
    }
}
