{
    "answers": {
        "phase": "architecture",
        "action": "api design",
        "scope": "uml deployment",
        "action experience": 0,
        "prog lang": "other",
        "other prog lang": "uml",
        "aimodel": "chatgpt",
        "aimodel version": "3.5",
        "lmstudio-hosted aimodel": "<fill-in>",
        "tool option": "online free",
        "experience with tool": 0,
        "time allocated (h)": "0.5",
        "time saved estimate (h)": "0",
        "quality of ai help": 0,
        "knowledge acquired": 1,
        "generic feeling - now": 0,
        "generic feeling - future": 0,
        "threat level": 0,
        "notes": "<fill in>"
    }
}