{
    "answers": {
        "phase": "coding",
        "action": "source code authoring",
        "scope": "container configuration",
        "action experience": 0,
        "prog lang": "yaml/json",
        "other prog lang": "<fill in>",
        "aimodel": "chatgpt",
        "aimodel version": "<fill in>",
        "lmstudio-hosted aimodel": "<fill-in>",
        "tool option": "online free",
        "experience with tool": 5,
        "time allocated (h)": 2,
        "time saved estimate (h)": 5, 
        "quality of ai help": 4,
        "knowledge acquired": 4,
        "generic feeling - now": 3,
        "generic feeling - future": 4,
        "threat level": 0,
        "notes": "<fill in>"
    }
}