{
    "answers": {
        "phase": "coding",
        "action": "microservices definition",
        "scope": "backend",
        "action experience": 4,
        "prog lang": "js",
        "other prog lang": "<fill in>",
        "aimodel": "chatgpt",
        "aimodel version": "3.5",
        "lmstudio-hosted aimodel": "<fill-in>",
        "tool option": "online free",
        "experience with tool": 4,
        "time allocated (h)": "2",
        "time saved estimate (h)": "4",
        "quality of ai help": 3,
        "knowledge acquired": 3,
        "generic feeling - now": 3,
        "generic feeling - future": 3,
        "threat level": 4,
        "notes": "<fill in>"
    }
}