{
    "answers": {
        "phase": "architecture",
        "action": "microservices definition",
        "scope": "uml component",
        "action experience": 1,
        "prog lang": "js-node",
        "other prog lang": "n/a",
        "aimodel": "chatgpt",
        "aimodel version": "3.5",
        "lmstudio-hosted aimodel": "n/a",
        "tool option": "online free",
        "experience with tool": 1,
        "time allocated (h)": "4",
        "time saved estimate (h)": "2",
        "quality of ai help": 4,
        "knowledge acquired": 4,
        "generic feeling - now": 4,
        "generic feeling - future": 4,
        "threat level": 1,
        "notes": "AI helped define clear microservice boundaries with examples of Bounded Contexts, data ownership, and communication patterns."
    }
}
