{
    "answers": {
        "phase": "design",
        "action": "code management",
        "scope": "container configuration",
        "action experience": 0,
        "prog lang": "yaml/json",
        "other prog lang": "<fill in>",
        "aimodel": "chatgpt",
        "aimodel version": "<fill in>",
        "lmstudio-hosted aimodel": "<fill-in>",
        "tool option": "online free",
        "experience with tool": 5,
        "time allocated (h)": 0.2,
        "time saved estimate (h)": 2, 
        "quality of ai help": 5,
        "knowledge acquired": 5,
        "generic feeling - now": 5,
        "generic feeling - future": 5,
        "threat level": 0,
        "notes": "<fill in>"
    }
}